{"RUN1": [-2.18766, 30.00592], "SHA1": [-2.38222, 30.0763], "RUR1": [-2.1214169, 30.1477981], "MIZ1": [-2.219195, 30.44133667], "KAJ2": [-2.254874, 30.027974], "SHI1": [-2.2338179, 30.3432609], "RUK2": [-2.31184, 30.08425], "INU1": [-2.113695, 30.331335], "RUN3": [-2.18458, 30.00452], "BUG1": [-2.26600284, 30.03709326], "KAB2": [-2.30780836, 30.13260172], "KAB3": [-2.073972, 30.044361], "KAB1": [-2.241227, 30.0302119], "RWA6": [-2.11066, 30.133726], "MAR1": [-2.116222, 30.179742], "RWA4": [-2.169605, 30.6446], "RUM1": [-2.167493, 30.00371], "RON3": [-2.150549, 30.144857], "RON2": [-2.148625, 30.1475816667], "RON1": [-2.14855, 30.14425], "KWA1": [-2.140352, 30.204375], "KAY1": [-2.20196649, 30.04948164], "KUR1": [-2.108613333, 30.59843667], "OFF1": [-1.9296202, 30.0703496], "GIH1": [-2.2295, 30.241199], "GIH2": [-2.1983383, 30.2849683], "BUK1": [-2.247260435, 30.09915883], "NGA2": [-2.170583, 30.451711], "MUG1": [-2.133552, 30.242149], "RUN2": [-2.179773, 30.001982], "NGA1": [-2.088886, 30.031389], "RWA2": [-2.36794, 30.090318], "KOM1": [-2.189217, 30.019777], "KOP1": [-2.24278, 30.149303], "KAS1": [-2.11937, 30.12668], "KIN1": [-2.19387, 30.29836], "RWA3": [-2.287938, 29.97014], "RWA7": [-2.136963, 30.410045], "KUX1": [-2.097555, 30.3758533], "MUX1": [-2.093382, 30.243585], "KAJ1": [-2.118092, 30.246409], "AKA1": [-2.2723803, 30.3480546], "KAG1": [-2.355372, 30.057421], "KAR2": [-2.21418974, 30.02163844], "KAG3": [-2.08081, 30.02491], "KAG2": [-2.355328, 30.057851], "KUM1": [-2.2693167, 30.0806133], "KAR3": [-2.25679203, 30.04868134], "GAC1": [-2.178336, 30.145248], "GAT1": [-2.069045, 30.133632], "GAT2": [-2.1158, 30.22197], "RAM1": [-2.14671, 30.0117], "GAK1": [-2.18807, 30.28454], "MUX2": [-2.1405667, 30.3521933], "RUH2": [-2.2059355, 29.993059], "RUH1": [-2.175255, 30.63030833], "KAV1": [-2.238635, 30.3486317], "RUL1": [-2.15388904, 30.01306129], "KIB1": [-2.085166667, 30.03466667], "MAJ1": [-2.081536, 30.212222], "CYI1": [-2.262407, 30.380107], "RUY1": [-2.2389278, 30.0470479], "DIH1": [-2.23369, 30.23262667], "BIZ1": [-2.176246667, 30.01238667], "KAR1": [-2.13749, 30.3902], "CYA2": [-2.19377045, 30.01105548], "CYA1": [-2.168728333, 30.62065], "RUG1": [-2.088571667, 30.36832167], "URU1": [-2.130006667, 30.48815833], "NUN1": [-2.155178, 30.028338], "RWA5": [-2.1668048, 30.3658353], "RUK1": [-2.050389, 30.145584], "GIT1": [-2.076148, 30.120775], "RWA1": [-2.263306, 30.061587], "GAS1": [-2.0835556, 30.0706944], "GAS2": [-2.23385, 30.0671], "NYA1": [-2.104301667, 30.586725], "NYA2": [-2.07698, 30.07258], "KAN1": [-2.29659, 30.08445]}